<?xml version="1.0" encoding="UTF-8"?>
<!-- 
	Table of common character codes
	
	In string literals:
	
	&#9;	:	Tab
	&#10;	:	Line-feed
	&#13;	:	Carriage return
	In regular expresssions:
	
	\t	:	Tab
	\r	:	Carriage return
	\n	:	Line-feed
	\s	:	Any non-whitespace character
-->
<Device xmlns:xsi="http://www.w3.org/2001/XMLSchema-instance"
	xsi:schemaLocation="http://aaa.gsfc.nasa.gov/iml iml.xsd"
	name="Camera" displayName="D-Link DCS-5300W Camera" type="Default">
	
	<Port name="Port" type="Simple">

		<MessageInterface name="CI1">
			<Message name="move=home" displayName="Home"/>
			<Message name="move=left" displayName="Pan Left"/>
			<Message name="move=right" displayName="Pan Right"/>
			<Message name="move=up" displayName="Pan Up"/>
			<Message name="move=down" displayName="Pan Down"/>
			<Message name="auto=pan" displayName="Auto Pan"/>
			<Message name="auto=stop" displayName="Stop"/>
			<Message name="auto=patrol" displayName="Auto Patrol"/>
		</MessageInterface>
	
		<InputAdapter name="messageParser" displayName="Message Parser"
			type="SystemOut">			
		</InputAdapter>
		
		<OutputAdapter name="messageFormatter" displayName="Message Formatter"
			type="Message">
			<Transformation>
				<Format>
					<!-- 
						We simply write out the message name terminated by a CR.
					-->
					<Record useDataNameAsInitiator="true">
<!--
						<Field applyToAllFields="true">
							<Value type="printf" pattern="%02d"/>
						</Field>
						<Terminator value="&#13;"/>
-->
					</Record>
				</Format>
			</Transformation>
		</OutputAdapter>
		
		<!-- For local testing of output change type below to "STDOUT" -->
		<Connection name="HTTP" type="HTTP Client">
			<Parameter name="hostname" value="${camera.ip}"/>
			<Parameter name="hostFile" value="/cgi-bin/camctrl.cgi"/>
			<Parameter name="requestType" value="GET"/>
		</Connection>
		<Connection name="Standard Out" type="STDOUT">
		</Connection>
	</Port>
</Device>
