<?xml version="1.0" encoding="UTF-8"?>
<!DOCTYPE part PUBLIC "-//OASIS//DTD DocBook XML V4.4//EN"
                         "http://www.docbook.org/xml/4.4/docbookx.dtd"
[ <!ENTITY % xinclude SYSTEM "../xinclude.mod"> %xinclude; ]
>
<part>
    <title>IRC Core Guide</title>
    <xi:include href="intro.xml" xmlns:xi="http://www.w3.org/2001/XInclude"/>
    <xi:include href="description/description.xml" xmlns:xi="http://www.w3.org/2001/XInclude"/>
    <xi:include href="namespaces/namespaces.xml" xmlns:xi="http://www.w3.org/2001/XInclude"/>
    <xi:include href="components/components.xml" xmlns:xi="http://www.w3.org/2001/XInclude"/>
    <xi:include href="messages/messages.xml" xmlns:xi="http://www.w3.org/2001/XInclude"/>
    <xi:include href="scripts/scripts.xml" xmlns:xi="http://www.w3.org/2001/XInclude"/>
    <xi:include href="logging/logging.xml" xmlns:xi="http://www.w3.org/2001/XInclude"/>
    <xi:include href="data/data.xml" xmlns:xi="http://www.w3.org/2001/XInclude"/>
    <xi:include href="gui/gui.xml" xmlns:xi="http://www.w3.org/2001/XInclude"/>
</part>
