<?xml version="1.0" encoding="UTF-8"?>
<Device xmlns:xsi="http://www.w3.org/2001/XMLSchema-instance" 
	xsi:schemaLocation="http://aaa.gsfc.nasa.gov/iml iml.xsd"
		name="BasisSetGenericClient Device" type="Default" >


    <Port name="SensorData-BasisSetClient-Port" type="Simple">
        <InputAdapter name="SensorData-BasisSetClient-InputAdapter" type="BasisSetTcpGeneric">
           	
			<!-- where the server is located -->
			<Parameter name="hostname" value="localhost"/>
            <Parameter name="port" value="9000"/>  
			<!-- Size of underlying transport buffers -->			
            <Parameter name="bufferSize" value="1000000"/>		

						
			<!-- This is the size, in bytes of the entire basis
				bundle for the received basis sets.  It specifies
				the total number of samples that can be contained
				on the client for all processing needs.  Default
				is 5000 -->
            <Parameter name="basisBundleSize" value="15000"/> 
			
			<!-- If this is false, the client will use a different name
				for the basis bundle than what is used on the server.
				Use the "DataSpace Browser" to see the name -->
			<Parameter name="useRemoteBundleNames" value="true"/>
								
			<!-- The data request -->
			
			<DataSetRequest>
				<Format>xdr</Format>
				
				<BasisBundleRequest>
					<BasisBundleName>	SensorData.MarkIII
					</BasisBundleName>
					
					<DataBufferName>
						{DAC \[.*,0\]}  <!-- regular expression -->
					</DataBufferName>

		            <RequestAmount>1000</RequestAmount>
				</BasisBundleRequest>
				
								
				<BasisBundleRequest>
					<BasisBundleName>	StreamConfiguration.MarkIII
					</BasisBundleName>

					<DataBufferName>
						B
					</DataBufferName>

					<DataBufferName>
						C
					</DataBufferName>	

		            <RequestAmount>1</RequestAmount>
					<Downsampling>1</Downsampling>			
				</BasisBundleRequest>


			</DataSetRequest>

        </InputAdapter>

    </Port>

</Device>

